id,time,operator,action,target,detail,ip
AL0002,2026-08-20T16:52:11,系统管理员,LOGIN,sys_user/S1002,登录成功,127.0.0.1
AL0003,2026-08-20T16:53:37,系统管理员,LOGIN,sys_user/S1002,登录成功,0:0:0:0:0:0:0:1
AL0004,2026-08-20T22:45:18,系统管理员,LOGIN,sys_user/S1002,登录成功,127.0.0.1
AL0005,2026-08-20T23:44:49,系统管理员,LOGIN,sys_user/S1002,登录成功,0:0:0:0:0:0:0:1
AL0006,2026-08-21T00:07:55,系统管理员,LOGIN,sys_user/S1002,登录成功,0:0:0:0:0:0:0:1
AL0007,2026-08-21T00:11:19,系统管理员,LOGOUT,,退出登录,0:0:0:0:0:0:0:1
AL0008,2026-08-21T00:12:29,李明,REGISTER,sys_user/S1003,学号注册,0:0:0:0:0:0:0:1
AL0009,2026-08-21T00:20:59,李明,PASSWORD_CHANGE,sys_user/S1003,修改密码,0:0:0:0:0:0:0:1
AL0010,2026-08-21T00:21:20,李明,LOGOUT,,退出登录,0:0:0:0:0:0:0:1
AL0011,2026-08-21T00:22:12,李明,LOGIN,sys_user/S1003,登录成功,0:0:0:0:0:0:0:1
AL0012,2026-08-21T01:10:31,李明,LOGIN,sys_user/S1003,登录成功,0:0:0:0:0:0:0:1
AL0013,2026-08-21T01:19:29,系统管理员,LOGIN,sys_user/S1002,登录成功,0:0:0:0:0:0:0:1
AL0014,2026-08-21T01:19:39,系统管理员,LOGIN,sys_user/S1002,登录成功,0:0:0:0:0:0:0:1
AL0015,2026-08-21T01:19:45,系统管理员,LOGIN,sys_user/S1002,登录成功,0:0:0:0:0:0:0:1
AL0016,2026-08-21T01:45:55,系统管理员,LOGIN,sys_user/S1002,登录成功,0:0:0:0:0:0:0:1
AL0017,2026-08-21T01:46:08,系统管理员,LOGIN,sys_user/S1002,登录成功,0:0:0:0:0:0:0:1
AL0018,2026-08-21T01:52:46,系统管理员,LOGIN,sys_user/S1002,登录成功,0:0:0:0:0:0:0:1
AL0019,2026-08-21T01:53:08,系统管理员,LOGIN,sys_user/S1002,登录成功,0:0:0:0:0:0:0:1
AL0020,2026-08-21T01:53:27,系统管理员,LOGIN,sys_user/S1002,登录成功,0:0:0:0:0:0:0:1
AL0021,2026-08-21T01:53:54,系统管理员,LOGIN,sys_user/S1002,登录成功,0:0:0:0:0:0:0:1
AL0022,2026-08-21T01:57:07,系统管理员,LOGIN,sys_user/S1002,登录成功,0:0:0:0:0:0:0:1
AL0023,2026-08-21T02:04:51,系统管理员,LOGIN,sys_user/S1002,登录成功,127.0.0.1
AL0024,2026-08-21T02:05:40,系统管理员,LOGIN,sys_user/S1002,登录成功,127.0.0.1
AL0025,2026-08-21T02:05:53,系统管理员,LOGIN,sys_user/S1002,登录成功,127.0.0.1
AL0026,2026-08-21T02:39:54,李明,LOGIN,sys_user/S1003,登录成功,0:0:0:0:0:0:0:1
AL0027,2026-08-21T02:40:08,李明,LOGIN,sys_user/S1003,登录成功,0:0:0:0:0:0:0:1
AL0028,2026-08-21T02:40:24,李明,LOGIN,sys_user/S1003,登录成功,0:0:0:0:0:0:0:1
AL0029,2026-08-21T10:17:19,李明,LOGIN,sys_user/S1003,登录成功,0:0:0:0:0:0:0:1
AL0030,2026-08-21T10:17:59,李明,LOGIN,sys_user/S1003,登录成功,0:0:0:0:0:0:0:1
AL0031,2026-08-21T10:22:07,李明,LOGIN,sys_user/S1003,登录成功,0:0:0:0:0:0:0:1
AL0032,2026-08-21T10:22:39,李明,LOGIN,sys_user/S1003,登录成功,0:0:0:0:0:0:0:1
AL0033,2026-08-21T10:31:46,李明,LOGIN,sys_user/S1003,登录成功,0:0:0:0:0:0:0:1
AL0034,2026-08-21T12:10:42,系统管理员,LOGIN,sys_user/S1002,登录成功,0:0:0:0:0:0:0:1
AL0035,2026-08-21T12:15:26,系统管理员,LOGIN,sys_user/S1002,登录成功,0:0:0:0:0:0:0:1
AL0036,2026-08-21T12:15:27,系统管理员,RESET_PASSWORD,sys_user/S1003,"重置密码,原因:smoke test",0:0:0:0:0:0:0:1
AL0037,2026-08-21T12:15:27,李明,LOGIN,sys_user/S1003,登录成功,0:0:0:0:0:0:0:1
AL0038,2026-08-21T12:16:08,李明,LOGIN,sys_user/S1003,登录成功,0:0:0:0:0:0:0:1
AL0039,2026-08-21T12:17:03,李明,LOGIN,sys_user/S1003,登录成功,0:0:0:0:0:0:0:1
AL0040,2026-08-21T13:30:19,系统管理员,LOGIN,sys_user/S1002,登录成功,0:0:0:0:0:0:0:1
AL0041,2026-08-21T13:30:20,李明,LOGIN,sys_user/S1003,登录成功,0:0:0:0:0:0:0:1
AL0042,2026-08-21T13:32:05,系统管理员,LOGIN,sys_user/S1002,登录成功,0:0:0:0:0:0:0:1
AL0043,2026-08-21T13:32:06,李明,LOGIN,sys_user/S1003,登录成功,0:0:0:0:0:0:0:1
AL0044,2026-08-21T13:34:07,系统管理员,LOGIN,sys_user/S1002,登录成功,0:0:0:0:0:0:0:1
AL0045,2026-08-21T13:34:07,李明,LOGIN,sys_user/S1003,登录成功,0:0:0:0:0:0:0:1
AL0046,2026-08-21T13:45:22,李明,LOGIN,sys_user/S1003,登录成功,0:0:0:0:0:0:0:1
AL0047,2026-08-21T13:46:18,李明,LOGOUT,,退出登录,0:0:0:0:0:0:0:1
AL0048,2026-08-21T13:46:41,系统管理员,LOGIN,sys_user/S1002,登录成功,0:0:0:0:0:0:0:1
AL0049,2026-08-21T13:56:16,系统管理员,LOGIN,sys_user/S1002,登录成功,0:0:0:0:0:0:0:1
AL0050,2026-08-21T14:24:24,李明,LOGIN,sys_user/S1003,登录成功,127.0.0.1
AL0051,2026-08-21T14:25:31,李明,LOGIN,sys_user/S1003,登录成功,0:0:0:0:0:0:0:1
AL0052,2026-08-21T14:28:19,系统管理员,LOGIN,sys_user/S1002,登录成功,0:0:0:0:0:0:0:1
AL0053,2026-08-21T14:30:32,李明,LOGIN,sys_user/S1003,登录成功,0:0:0:0:0:0:0:1
AL0054,2026-08-21T14:52:51,李明,LOGIN,sys_user/S1003,登录成功,127.0.0.1
AL0055,2026-08-21T18:57:35,李明,LOGIN,sys_user/S1003,登录成功,0:0:0:0:0:0:0:1
AL0056,2026-08-21T19:02:36,李明,LOGIN,sys_user/S1003,登录成功,0:0:0:0:0:0:0:1
AL0057,2026-08-21T19:14:33,李明,LOGIN,sys_user/S1003,登录成功,0:0:0:0:0:0:0:1
AL0058,2026-08-22T09:59:38,系统管理员,LOGIN,sys_user/S1002,登录成功,0:0:0:0:0:0:0:1
AL0059,2026-08-22T10:03:50,李明,LOGIN,sys_user/S1003,登录成功,0:0:0:0:0:0:0:1
AL0060,2026-08-22T10:23:58,李明,LOGIN,sys_user/S1003,登录成功,0:0:0:0:0:0:0:1
AL0061,2026-08-22T10:28:08,李明,LOGIN,sys_user/S1003,登录成功,0:0:0:0:0:0:0:1
AL0062,2026-08-22T10:52:24,李明,LOGIN,sys_user/S1003,登录成功,0:0:0:0:0:0:0:1
AL0063,2026-08-30T13:21:57,李明,LOGIN,sys_user/S1003,登录成功,0:0:0:0:0:0:0:1
AL0064,2026-08-30T13:21:58,李明,LOGOUT,,退出登录,0:0:0:0:0:0:0:1
AL0065,2026-08-30T13:25:32,系统管理员,LOGIN,sys_user/S1002,登录成功,0:0:0:0:0:0:0:1
AL0066,2026-08-30T13:26:09,李明,LOGIN,sys_user/S1003,登录成功,0:0:0:0:0:0:0:1
AL0067,2026-08-30T13:26:12,李明,LOGIN,sys_user/S1003,登录成功,0:0:0:0:0:0:0:1
AL0068,2026-08-30T13:26:12,李明,LOGOUT,,退出登录,0:0:0:0:0:0:0:1
AL0069,2026-08-30T13:28:59,李明,LOGIN,sys_user/S1003,登录成功,0:0:0:0:0:0:0:1
AL0070,2026-08-30T13:28:59,李明,LOGOUT,,退出登录,0:0:0:0:0:0:0:1
AL0071,2026-08-30T13:36:26,测试同学A,REGISTER,sys_user/S1004,学号注册,0:0:0:0:0:0:0:1
AL0072,2026-08-30T13:43:39,李明,LOGIN,sys_user/S1003,登录成功,0:0:0:0:0:0:0:1
AL0073,2026-08-30T13:44:20,李明,LOGIN,sys_user/S1003,登录成功,0:0:0:0:0:0:0:1
AL0074,2026-08-30T13:45:39,李明,LOGIN,sys_user/S1003,登录成功,0:0:0:0:0:0:0:1
AL0075,2026-08-30T13:47:29,李明,LOGIN,sys_user/S1003,登录成功,0:0:0:0:0:0:0:1
AL0076,2026-08-30T13:47:30,李明,LOGOUT,,退出登录,0:0:0:0:0:0:0:1
AL0077,2026-08-30T13:47:30,李明,LOGIN,sys_user/S1003,登录成功,0:0:0:0:0:0:0:1
AL0078,2026-08-30T13:55:52,李明,LOGIN,sys_user/S1003,登录成功,0:0:0:0:0:0:0:1
AL0079,2026-08-30T13:58,李明,LOGIN,sys_user/S1003,登录成功,0:0:0:0:0:0:0:1
AL0080,2026-08-30T13:58,李明,PRIVACY_CONSENT,consent/v1.0,同意隐私授权,0:0:0:0:0:0:0:1
AL0081,2026-08-30T13:58:38,李明,LOGIN,sys_user/S1003,登录成功,0:0:0:0:0:0:0:1
AL0082,2026-08-30T13:58:39,李明,LOGOUT,,退出登录,0:0:0:0:0:0:0:1
AL0083,2026-08-30T13:58:39,李明,LOGIN,sys_user/S1003,登录成功,0:0:0:0:0:0:0:1
AL0084,2026-08-30T13:58:39,李明,LOGIN,sys_user/S1003,登录成功,0:0:0:0:0:0:0:1
AL0085,2026-08-30T13:58:39,李明,PRIVACY_CONSENT,consent/v1.0,同意隐私授权,0:0:0:0:0:0:0:1
AL0086,2026-08-30T14:01:06,李明,LOGIN,sys_user/S1003,登录成功,0:0:0:0:0:0:0:1
AL0087,2026-08-30T14:01:06,李明,LOGOUT,,退出登录,0:0:0:0:0:0:0:1
AL0088,2026-08-30T14:02:47,李明,LOGIN,sys_user/S1003,登录成功,0:0:0:0:0:0:0:1
AL0089,2026-08-30T14:10:18,李明,LOGIN,sys_user/S1003,登录成功,0:0:0:0:0:0:0:1
AL0090,2026-08-30T14:11:11,李明,LOGIN,sys_user/S1003,登录成功,0:0:0:0:0:0:0:1
AL0091,2026-08-30T14:11:25,李明,LOGIN,sys_user/S1003,登录成功,0:0:0:0:0:0:0:1
AL0092,2026-08-30T14:12:36,李明,LOGIN,sys_user/S1003,登录成功,0:0:0:0:0:0:0:1
AL0093,2026-08-30T14:13:54,李明,LOGIN,sys_user/S1003,登录成功,0:0:0:0:0:0:0:1
AL0094,2026-08-30T14:14:22,李明,LOGIN,sys_user/S1003,登录成功,0:0:0:0:0:0:0:1
AL0095,2026-08-30T14:16:49,李明,LOGIN,sys_user/S1003,登录成功,0:0:0:0:0:0:0:1
AL0096,2026-08-30T14:18:58,李明,LOGIN,sys_user/S1003,登录成功,0:0:0:0:0:0:0:1
AL0097,2026-08-30T14:19:24,李明,LOGIN,sys_user/S1003,登录成功,0:0:0:0:0:0:0:1
AL0098,2026-08-30T14:19:53,李明,LOGIN,sys_user/S1003,登录成功,0:0:0:0:0:0:0:1
AL0099,2026-08-30T14:19:54,李明,LOGOUT,,退出登录,0:0:0:0:0:0:0:1
AL0100,2026-08-30T14:19:54,李明,LOGIN,sys_user/S1003,登录成功,0:0:0:0:0:0:0:1
AL0101,2026-08-30T14:19:54,李明,LOGIN,sys_user/S1003,登录成功,0:0:0:0:0:0:0:1
AL0102,2026-08-30T14:19:54,李明,PRIVACY_CONSENT,consent/v1.0,同意隐私授权,0:0:0:0:0:0:0:1
AL0103,2026-08-30T14:19:55,李明,LOGIN,sys_user/S1003,登录成功,0:0:0:0:0:0:0:1
AL0104,2026-08-30T14:21:50,李明,LOGIN,sys_user/S1003,登录成功,0:0:0:0:0:0:0:1
AL0105,2026-08-30T14:25:25,李明,LOGIN,sys_user/S1003,登录成功,0:0:0:0:0:0:0:1
AL0106,2026-08-30T14:31:09,李明,LOGIN,sys_user/S1003,登录成功,0:0:0:0:0:0:0:1
AL0107,2026-08-30T14:36:57,李明,LOGIN,sys_user/S1003,登录成功,0:0:0:0:0:0:0:1
AL0108,2026-08-30T14:37:18,李明,LOGIN,sys_user/S1003,登录成功,0:0:0:0:0:0:0:1
AL0109,2026-08-30T14:37:38,李明,LOGIN,sys_user/S1003,登录成功,0:0:0:0:0:0:0:1
AL0110,2026-08-30T14:37:38,李明,LOGOUT,,退出登录,0:0:0:0:0:0:0:1
AL0111,2026-08-30T14:37:39,李明,LOGIN,sys_user/S1003,登录成功,0:0:0:0:0:0:0:1
AL0112,2026-08-30T14:37:39,李明,LOGIN,sys_user/S1003,登录成功,0:0:0:0:0:0:0:1
AL0113,2026-08-30T14:37:39,李明,PRIVACY_CONSENT,consent/v1.0,同意隐私授权,0:0:0:0:0:0:0:1
AL0114,2026-08-30T14:37:39,李明,LOGIN,sys_user/S1003,登录成功,0:0:0:0:0:0:0:1
AL0115,2026-08-30T14:38,李明,LOGIN,sys_user/S1003,登录成功,0:0:0:0:0:0:0:1
AL0116,2026-08-30T14:38:03,李明,LOGIN,sys_user/S1003,登录成功,0:0:0:0:0:0:0:1
AL0117,2026-08-30T14:38:04,李明,PRIVACY_CONSENT,consent/v1.0,同意隐私授权,0:0:0:0:0:0:0:1
AL0118,2026-08-30T14:38:07,李明,LOGIN,sys_user/S1003,登录成功,0:0:0:0:0:0:0:1
AL0119,2026-08-30T14:38:10,李明,LOGIN,sys_user/S1003,登录成功,0:0:0:0:0:0:0:1
AL0120,2026-08-30T14:38:10,李明,LOGOUT,,退出登录,0:0:0:0:0:0:0:1
AL0121,2026-08-30T21:51:48,李明,LOGIN,sys_user/S1003,登录成功,0:0:0:0:0:0:0:1
AL0122,2026-08-30T21:52:54,李明,LOGIN,sys_user/S1003,登录成功,0:0:0:0:0:0:0:1
AL0123,2026-08-30T21:53:08,李明,LOGIN,sys_user/S1003,登录成功,0:0:0:0:0:0:0:1
AL0124,2026-08-30T21:53:09,李明,LOGOUT,,退出登录,0:0:0:0:0:0:0:1
AL0125,2026-08-30T21:53:09,李明,LOGIN,sys_user/S1003,登录成功,0:0:0:0:0:0:0:1
AL0126,2026-08-30T21:53:09,李明,LOGIN,sys_user/S1003,登录成功,0:0:0:0:0:0:0:1
AL0127,2026-08-30T21:53:09,李明,PRIVACY_CONSENT,consent/v1.0,同意隐私授权,0:0:0:0:0:0:0:1
AL0128,2026-08-30T21:53:10,李明,LOGIN,sys_user/S1003,登录成功,0:0:0:0:0:0:0:1
AL0129,2026-08-30T21:53:10,李明,LOGIN,sys_user/S1003,登录成功,0:0:0:0:0:0:0:1
AL0130,2026-08-30T22:00:25,李明,LOGIN,sys_user/S1003,登录成功,0:0:0:0:0:0:0:1
AL0131,2026-08-30T22:00:25,李明,LOGOUT,,退出登录,0:0:0:0:0:0:0:1
AL0132,2026-08-30T22:00:25,李明,LOGIN,sys_user/S1003,登录成功,0:0:0:0:0:0:0:1
AL0133,2026-08-30T22:00:26,李明,LOGIN,sys_user/S1003,登录成功,0:0:0:0:0:0:0:1
AL0134,2026-08-30T22:00:26,李明,PRIVACY_CONSENT,consent/v1.0,同意隐私授权,0:0:0:0:0:0:0:1
AL0135,2026-08-30T22:00:26,李明,LOGIN,sys_user/S1003,登录成功,0:0:0:0:0:0:0:1
AL0136,2026-08-30T22:00:27,李明,LOGIN,sys_user/S1003,登录成功,0:0:0:0:0:0:0:1
AL0137,2026-08-30T22:11:39,李明,LOGIN,sys_user/S1003,登录成功,0:0:0:0:0:0:0:1
AL0138,2026-08-30T22:12:15,李明,LOGIN,sys_user/S1003,登录成功,0:0:0:0:0:0:0:1
AL0139,2026-08-30T22:12:15,李明,LOGOUT,,退出登录,0:0:0:0:0:0:0:1
AL0140,2026-08-30T22:12:15,李明,LOGIN,sys_user/S1003,登录成功,0:0:0:0:0:0:0:1
AL0141,2026-08-30T22:12:16,李明,LOGIN,sys_user/S1003,登录成功,0:0:0:0:0:0:0:1
AL0142,2026-08-30T22:12:16,李明,PRIVACY_CONSENT,consent/v1.0,同意隐私授权,0:0:0:0:0:0:0:1
AL0143,2026-08-30T22:12:16,李明,LOGIN,sys_user/S1003,登录成功,0:0:0:0:0:0:0:1
AL0144,2026-08-30T22:12:16,李明,LOGIN,sys_user/S1003,登录成功,0:0:0:0:0:0:0:1
AL0145,2026-08-30T22:12:17,李明,LOGIN,sys_user/S1003,登录成功,0:0:0:0:0:0:0:1
AL0146,2026-08-30T22:21:08,李明,LOGIN,sys_user/S1003,登录成功,0:0:0:0:0:0:0:1
AL0147,2026-08-30T23:28,李明,LOGIN,sys_user/S1003,登录成功,0:0:0:0:0:0:0:1
AL0148,2026-08-30T23:28:47,李明,LOGIN,sys_user/S1003,登录成功,0:0:0:0:0:0:0:1
AL0149,2026-08-30T23:29:40,李明,LOGIN,sys_user/S1003,登录成功,0:0:0:0:0:0:0:1
AL0150,2026-08-30T23:29:52,李明,LOGIN,sys_user/S1003,登录成功,0:0:0:0:0:0:0:1
AL0151,2026-08-30T23:31:41,李明,LOGIN,sys_user/S1003,登录成功,0:0:0:0:0:0:0:1
AL0152,2026-08-31T00:03:58,李明,LOGIN,sys_user/S1003,登录成功,0:0:0:0:0:0:0:1
AL0153,2026-08-31T00:14,李明,LOGIN,sys_user/S1003,登录成功,0:0:0:0:0:0:0:1
AL0154,2026-08-31T00:14:39,李明,LOGIN,sys_user/S1003,登录成功,0:0:0:0:0:0:0:1
AL0155,2026-08-31T00:14:40,李明,LOGOUT,,退出登录,0:0:0:0:0:0:0:1
AL0156,2026-08-31T00:14:40,李明,LOGIN,sys_user/S1003,登录成功,0:0:0:0:0:0:0:1
AL0157,2026-08-31T00:14:41,李明,LOGIN,sys_user/S1003,登录成功,0:0:0:0:0:0:0:1
AL0158,2026-08-31T00:14:41,李明,PRIVACY_CONSENT,consent/v1.0,同意隐私授权,0:0:0:0:0:0:0:1
AL0159,2026-08-31T00:14:42,李明,LOGIN,sys_user/S1003,登录成功,0:0:0:0:0:0:0:1
AL0160,2026-08-31T00:14:43,李明,LOGIN,sys_user/S1003,登录成功,0:0:0:0:0:0:0:1
AL0161,2026-08-31T00:14:44,李明,LOGIN,sys_user/S1003,登录成功,0:0:0:0:0:0:0:1
AL0162,2026-08-31T00:14:44,李明,LOGIN,sys_user/S1003,登录成功,0:0:0:0:0:0:0:1
AL0163,2026-08-31T02:19:11,李明,LOGIN,sys_user/S1003,登录成功,0:0:0:0:0:0:0:1
AL0164,2026-08-31T02:24:37,李明,LOGIN,sys_user/S1003,登录成功,0:0:0:0:0:0:0:1
AL0165,2026-08-31T02:25:05,李明,LOGIN,sys_user/S1003,登录成功,0:0:0:0:0:0:0:1
AL0166,2026-08-31T02:27:15,李明,LOGIN,sys_user/S1003,登录成功,0:0:0:0:0:0:0:1
AL0167,2026-08-31T02:37:52,李明,LOGIN,sys_user/S1003,登录成功,0:0:0:0:0:0:0:1
AL0168,2026-08-31T02:39:09,李明,LOGIN,sys_user/S1003,登录成功,0:0:0:0:0:0:0:1
AL0169,2026-08-31T02:41:34,李明,LOGIN,sys_user/S1003,登录成功,0:0:0:0:0:0:0:1
AL0170,2026-08-31T02:44:25,李明,LOGIN,sys_user/S1003,登录成功,0:0:0:0:0:0:0:1
AL0171,2026-08-31T02:45:54,李明,LOGIN,sys_user/S1003,登录成功,0:0:0:0:0:0:0:1
AL0172,2026-08-31T02:47:21,李明,LOGIN,sys_user/S1003,登录成功,0:0:0:0:0:0:0:1
AL0173,2026-08-31T02:49:56,李明,LOGIN,sys_user/S1003,登录成功,0:0:0:0:0:0:0:1
AL0174,2026-08-31T02:50:21,李明,LOGIN,sys_user/S1003,登录成功,0:0:0:0:0:0:0:1
AL0175,2026-08-31T02:52:27,李明,LOGIN,sys_user/S1003,登录成功,0:0:0:0:0:0:0:1
AL0176,2026-08-31T02:53:16,李明,LOGIN,sys_user/S1003,登录成功,0:0:0:0:0:0:0:1
AL0177,2026-08-31T02:53:17,李明,LOGOUT,,退出登录,0:0:0:0:0:0:0:1
AL0178,2026-08-31T02:53:17,李明,LOGIN,sys_user/S1003,登录成功,0:0:0:0:0:0:0:1
AL0179,2026-08-31T02:53:17,李明,LOGIN,sys_user/S1003,登录成功,0:0:0:0:0:0:0:1
AL0180,2026-08-31T02:53:17,李明,PRIVACY_CONSENT,consent/v1.0,同意隐私授权,0:0:0:0:0:0:0:1
AL0181,2026-08-31T02:53:18,李明,LOGIN,sys_user/S1003,登录成功,0:0:0:0:0:0:0:1
AL0182,2026-08-31T02:53:18,李明,LOGIN,sys_user/S1003,登录成功,0:0:0:0:0:0:0:1
AL0183,2026-08-31T02:53:19,李明,LOGIN,sys_user/S1003,登录成功,0:0:0:0:0:0:0:1
AL0184,2026-08-31T02:53:19,李明,LOGIN,sys_user/S1003,登录成功,0:0:0:0:0:0:0:1
AL0185,2026-08-31T02:53:20,李明,LOGIN,sys_user/S1003,登录成功,0:0:0:0:0:0:0:1
AL0186,2026-08-31T03:00:29,李明,LOGIN,sys_user/S1003,登录成功,0:0:0:0:0:0:0:1
AL0187,2026-08-31T03:00:47,李明,LOGIN,sys_user/S1003,登录成功,0:0:0:0:0:0:0:1
AL0188,2026-08-31T03:10:11,李明,LOGIN,sys_user/S1003,登录成功,0:0:0:0:0:0:0:1
AL0189,2026-08-31T03:10:11,李明,LOGOUT,,退出登录,0:0:0:0:0:0:0:1
AL0190,2026-08-31T03:10:12,李明,LOGIN,sys_user/S1003,登录成功,0:0:0:0:0:0:0:1
AL0191,2026-08-31T03:10:12,李明,LOGIN,sys_user/S1003,登录成功,0:0:0:0:0:0:0:1
AL0192,2026-08-31T03:10:12,李明,PRIVACY_CONSENT,consent/v1.0,同意隐私授权,0:0:0:0:0:0:0:1
AL0193,2026-08-31T03:10:12,李明,LOGIN,sys_user/S1003,登录成功,0:0:0:0:0:0:0:1
AL0194,2026-08-31T03:10:13,李明,LOGIN,sys_user/S1003,登录成功,0:0:0:0:0:0:0:1
AL0195,2026-08-31T03:10:13,李明,LOGIN,sys_user/S1003,登录成功,0:0:0:0:0:0:0:1
AL0196,2026-08-31T03:10:14,李明,LOGIN,sys_user/S1003,登录成功,0:0:0:0:0:0:0:1
AL0197,2026-08-31T03:10:15,李明,LOGIN,sys_user/S1003,登录成功,0:0:0:0:0:0:0:1
AL0198,2026-08-31T09:00:52,李明,LOGIN,sys_user/S1003,登录成功,0:0:0:0:0:0:0:1
AL0199,2026-08-31T09:06:40,李明,LOGIN,sys_user/S1003,登录成功,0:0:0:0:0:0:0:1
AL0200,2026-08-31T09:06:48,李明,LOGIN,sys_user/S1003,登录成功,0:0:0:0:0:0:0:1
AL0201,2026-08-31T09:07:02,李明,LOGIN,sys_user/S1003,登录成功,0:0:0:0:0:0:0:1
AL0202,2026-08-31T09:07:16,李明,LOGIN,sys_user/S1003,登录成功,0:0:0:0:0:0:0:1
AL0203,2026-08-31T09:07:28,李明,LOGIN,sys_user/S1003,登录成功,0:0:0:0:0:0:0:1
AL0204,2026-08-31T09:10:59,李明,LOGIN,sys_user/S1003,登录成功,0:0:0:0:0:0:0:1
AL0205,2026-08-31T09:11:23,李明,LOGIN,sys_user/S1003,登录成功,0:0:0:0:0:0:0:1
AL0206,2026-08-31T09:11:24,李明,LOGOUT,,退出登录,0:0:0:0:0:0:0:1
AL0207,2026-08-31T09:11:24,李明,LOGIN,sys_user/S1003,登录成功,0:0:0:0:0:0:0:1
AL0208,2026-08-31T09:11:24,李明,LOGIN,sys_user/S1003,登录成功,0:0:0:0:0:0:0:1
AL0209,2026-08-31T09:11:24,李明,PRIVACY_CONSENT,consent/v1.0,同意隐私授权,0:0:0:0:0:0:0:1
AL0210,2026-08-31T09:11:25,李明,LOGIN,sys_user/S1003,登录成功,0:0:0:0:0:0:0:1
AL0211,2026-08-31T09:11:25,李明,LOGIN,sys_user/S1003,登录成功,0:0:0:0:0:0:0:1
AL0212,2026-08-31T09:11:26,李明,LOGIN,sys_user/S1003,登录成功,0:0:0:0:0:0:0:1
AL0213,2026-08-31T09:11:26,李明,LOGIN,sys_user/S1003,登录成功,0:0:0:0:0:0:0:1
AL0214,2026-08-31T09:11:27,李明,LOGIN,sys_user/S1003,登录成功,0:0:0:0:0:0:0:1
AL0215,2026-08-31T09:11:28,李明,LOGIN,sys_user/S1003,登录成功,0:0:0:0:0:0:0:1
AL0216,2026-08-31T09:21:59,李明,LOGIN,sys_user/S1003,登录成功,0:0:0:0:0:0:0:1
AL0217,2026-08-31T09:29:54,李明,LOGIN,sys_user/S1003,登录成功,0:0:0:0:0:0:0:1
AL0218,2026-08-31T09:31:37,李明,LOGIN,sys_user/S1003,登录成功,0:0:0:0:0:0:0:1
AL0219,2026-08-31T09:32:54,李明,LOGIN,sys_user/S1003,登录成功,0:0:0:0:0:0:0:1
AL0220,2026-08-31T09:33:16,李明,LOGIN,sys_user/S1003,登录成功,0:0:0:0:0:0:0:1
AL0221,2026-08-31T09:35:11,李明,LOGIN,sys_user/S1003,登录成功,0:0:0:0:0:0:0:1
AL0222,2026-08-31T11:48:39,李明,LOGIN,sys_user/S1003,登录成功,0:0:0:0:0:0:0:1
AL0223,2026-08-31T11:49:29,李明,LOGIN,sys_user/S1003,登录成功,0:0:0:0:0:0:0:1
AL0224,2026-08-31T11:49:49,李明,LOGIN,sys_user/S1003,登录成功,0:0:0:0:0:0:0:1
AL0225,2026-08-31T12:01:40,李明,LOGIN,sys_user/S1003,登录成功,0:0:0:0:0:0:0:1
AL0226,2026-08-31T12:01:50,李明,LOGIN,sys_user/S1003,登录成功,0:0:0:0:0:0:0:1
AL0227,2026-08-31T12:02:14,李明,LOGIN,sys_user/S1003,登录成功,0:0:0:0:0:0:0:1
AL0228,2026-08-31T12:04:38,李明,LOGIN,sys_user/S1003,登录成功,0:0:0:0:0:0:0:1
AL0229,2026-08-31T22:44:11,李明,LOGIN,sys_user/S1003,登录成功,0:0:0:0:0:0:0:1
AL0230,2026-08-31T22:44:21,李明,LOGIN,sys_user/S1003,登录成功,0:0:0:0:0:0:0:1
AL0231,2026-08-31T22:59:11,辅导员张老师,LOGIN,sys_user/S1005,登录成功,127.0.0.1
AL0232,2026-08-31T23:16:44,辅导员张老师,LOGIN,sys_user/S1005,登录成功,0:0:0:0:0:0:0:1
AL0233,2026-08-31T23:18:30,辅导员张老师,LOGIN,sys_user/S1005,登录成功,0:0:0:0:0:0:0:1
AL0234,2026-08-31T23:19:31,辅导员张老师,LOGIN,sys_user/S1005,登录成功,0:0:0:0:0:0:0:1
AL0235,2026-08-31T23:31:26,辅导员张老师,LOGIN,sys_user/S1005,登录成功,0:0:0:0:0:0:0:1
AL0236,2026-08-31T23:36:01,辅导员张老师,LOGIN,sys_user/S1005,登录成功,0:0:0:0:0:0:0:1
AL0237,2026-09-01T00:02:37,辅导员张老师,LOGIN,sys_user/S1005,登录成功,0:0:0:0:0:0:0:1
AL0238,2026-09-01T00:02:59,辅导员张老师,LOGIN,sys_user/S1005,登录成功,0:0:0:0:0:0:0:1
AL0239,2026-09-01T00:04:50,辅导员张老师,LOGIN,sys_user/S1005,登录成功,0:0:0:0:0:0:0:1
AL0240,2026-09-01T00:06,辅导员张老师,LOGIN,sys_user/S1005,登录成功,0:0:0:0:0:0:0:1
AL0241,2026-09-01T00:08:26,辅导员张老师,LOGIN,sys_user/S1005,登录成功,0:0:0:0:0:0:0:1
AL0242,2026-09-01T12:12:09,辅导员张老师,LOGIN,sys_user/S1005,登录成功,0:0:0:0:0:0:0:1
AL0243,2026-09-01T13:15:24,辅导员张老师,LOGIN,sys_user/S1005,登录成功,0:0:0:0:0:0:0:1
AL0244,2026-09-01T13:22:01,辅导员张老师,LOGIN,sys_user/S1005,登录成功,0:0:0:0:0:0:0:1
AL0245,2026-09-01T13:24:23,辅导员张老师,LOGIN,sys_user/S1005,登录成功,0:0:0:0:0:0:0:1
AL0246,2026-09-01T13:30:23,辅导员张老师,LOGIN,sys_user/S1005,登录成功,127.0.0.1
AL0247,2026-09-01T13:35:05,辅导员张老师,LOGIN,sys_user/S1005,登录成功,0:0:0:0:0:0:0:1
AL0248,2026-09-01T13:35:48,辅导员张老师,LOGIN,sys_user/S1005,登录成功,0:0:0:0:0:0:0:1
AL0249,2026-09-01T13:48:14,辅导员张老师,LOGIN,sys_user/S1005,登录成功,0:0:0:0:0:0:0:1
AL0250,2026-09-01T20:19:53,李明,LOGIN,sys_user/S1003,登录成功,0:0:0:0:0:0:0:1
AL0251,2026-09-01T20:19:54,李明,LOGOUT,,退出登录,0:0:0:0:0:0:0:1
AL0252,2026-09-01T20:19:59,李明,LOGIN,sys_user/S1003,登录成功,0:0:0:0:0:0:0:1
AL0253,2026-09-01T20:20:04,辅导员张老师,LOGIN,sys_user/S1005,登录成功,0:0:0:0:0:0:0:1
AL0254,2026-09-01T20:23:20,系统管理员,LOGIN,sys_user/S1002,登录成功,0:0:0:0:0:0:0:1
AL0255,2026-09-01T20:32:24,系统管理员,LOGIN,sys_user/S1002,登录成功,0:0:0:0:0:0:0:1
AL0256,2026-09-02T13:08:38,系统管理员,LOGIN,sys_user/S1002,登录成功,0:0:0:0:0:0:0:1
AL0257,2026-09-02T13:17:11,系统管理员,LOGIN,sys_user/S1002,登录成功,0:0:0:0:0:0:0:1
AL0258,2026-09-02T13:17:18,系统管理员,LOGIN,sys_user/S1002,登录成功,0:0:0:0:0:0:0:1
AL0259,2026-09-02T13:24:06,系统管理员,LOGIN,sys_user/S1002,登录成功,0:0:0:0:0:0:0:1
AL0260,2026-09-02T13:36:48,系统管理员,LOGIN,sys_user/S1002,登录成功,0:0:0:0:0:0:0:1
AL0261,2026-09-02T18:10:04,系统管理员,LOGIN,sys_user/S1002,登录成功,0:0:0:0:0:0:0:1
AL0262,2026-09-02T18:17:47,系统管理员,LOGIN,sys_user/S1002,登录成功,0:0:0:0:0:0:0:1
AL0263,2026-09-02T18:23:03,系统管理员,LOGIN,sys_user/S1002,登录成功,0:0:0:0:0:0:0:1
AL0264,2026-09-02T18:24:54,系统管理员,LOGIN,sys_user/S1002,登录成功,0:0:0:0:0:0:0:1
AL0265,2026-09-02T18:52:44,系统管理员,LOGIN,sys_user/S1002,登录成功,0:0:0:0:0:0:0:1
AL0266,2026-09-02T19:06:18,系统管理员,LOGIN,sys_user/S1002,登录成功,0:0:0:0:0:0:0:1
AL0267,2026-09-02T19:13:26,系统管理员,LOGIN,sys_user/S1002,登录成功,0:0:0:0:0:0:0:1
AL0268,2026-09-02T19:17:07,系统管理员,LOGIN,sys_user/S1002,登录成功,0:0:0:0:0:0:0:1
AL0269,2026-09-02T20:08:20,系统管理员,LOGIN,sys_user/S1002,登录成功,0:0:0:0:0:0:0:1
AL0270,2026-09-02T21:02:29,系统管理员,LOGIN,sys_user/S1002,登录成功,0:0:0:0:0:0:0:1
